{"val_loss":0.30059874057769775,"_step":100,"trainer/global_step":37500,"train_loss":0.2876240015029907,"train_acc":0.9177840948104858,"test_loss":0.28627413511276245,"epoch":50,"test_acc":0.9175533056259155,"_wandb":{"runtime":496},"_timestamp":1.7412559219748971e+09,"_runtime":496.8004694,"val_acc":0.9122103452682495}