{"val_loss":0.05699719116091728,"val_acc":0.9839274883270264,"_step":40,"_runtime":257.8166509,"test_loss":0.04731228947639465,"epoch":20,"train_acc":0.9987722039222717,"trainer/global_step":15000,"train_loss":0.010702088475227356,"_wandb":{"runtime":257},"test_acc":0.9848402142524719,"_timestamp":1.7412581476046395e+09}