{"test_acc":0.982903242111206,"_timestamp":1.7412576337620587e+09,"_wandb":{"runtime":222},"val_acc":0.9824007153511047,"train_loss":0.03307325020432472,"epoch":20,"_runtime":222.4478787,"_step":40,"train_acc":0.9918391704559326,"trainer/global_step":15000,"val_loss":0.061222564429044724,"test_loss":0.053389325737953186}