{"test_loss":0.001020273775793612,"val_r2":0.634325385093689,"train_r2":0.6642175316810608,"_wandb":{"runtime":17},"val_mae":143261.15625,"_timestamp":1.740596382644224e+09,"train_loss":0.000728085869923234,"epoch":20,"train_mae":131864.328125,"val_loss":0.0007255174568854272,"_runtime":17.0044591,"test_r2":0.6692745089530945,"test_mae":147662.078125,"_step":40,"trainer/global_step":2720}