{"train_mae":131864.328125,"val_loss":0.0007255173404701054,"trainer/global_step":2720,"_runtime":22.6553493,"test_mae":147662.0625,"train_loss":0.000728085869923234,"epoch":20,"_timestamp":1.7405988414690356e+09,"test_r2":0.6692745685577393,"_step":40,"val_mae":143261.125,"train_r2":0.6642175316810608,"val_r2":0.6343254446983337,"test_loss":0.0010202736593782902,"_wandb":{"runtime":22}}