{"_step":19,"val_acc":0.9030709862709045,"val_loss":0.3347761332988739,"train_loss":0.447620689868927,"_runtime":107.5267633,"train_acc":0.8730840682983398,"epoch":9,"trainer/global_step":7499,"_wandb":{"runtime":107},"_timestamp":1.7412560320339484e+09}